{"accuracy": [0.8799999952316284, 0.8881250023841858, 0.8974999785423279, 0.893750011920929, 0.9024999737739563, 0.8956249952316284], "f1_score": [0.8793133497238159, 0.8882027268409729, 0.8976866006851196, 0.8935077786445618, 0.8994776010513306, 0.8966622948646545], "loss": [0.3301917314529419, 0.304627001285553, 0.29842549562454224, 0.29638588428497314, 0.26691934466362, 0.30226144194602966], "precision": [0.901048481464386, 0.9063718914985657, 0.9127907156944275, 0.9089147448539734, 0.9163966178894043, 0.9110251665115356], "recall": [0.859375, 0.8712499737739563, 0.8831250071525574, 0.8793749809265137, 0.8837500214576721, 0.8831250071525574], "val_accuracy": [0.8575000166893005, 0.8849999904632568, 0.8650000095367432, 0.8974999785423279, 0.8600000143051147, 0.887499988079071], "val_f1_score": [0.8638690114021301, 0.8802934885025024, 0.8540939688682556, 0.9041115641593933, 0.8622816801071167, 0.8892251253128052], "val_loss": [0.3837335705757141, 0.3021322786808014, 0.3766520619392395, 0.2808598577976227, 0.5232073068618774, 0.32182759046554565], "val_precision": [0.8954423666000366, 0.9052631855010986, 0.87467360496521, 0.9216710329055786, 0.8714653253555298, 0.9041450619697571], "val_recall": [0.8349999785423279, 0.8600000143051147, 0.8374999761581421, 0.8824999928474426, 0.8475000262260437, 0.8725000023841858]}